INSERT INTO `Usuarios` (`NombreUsuario`, `Nombre`, `Apellidos`, `Tipo`)
VALUES 
('juancito123', 'Juan', 'Pérez', 'Administrador'),
('maria23', 'María', 'González', 'Empleado'),
('carlitos89', 'Carlos', 'Martínez', 'Cliente'),
('lauras', 'Laura', 'Sánchez', 'Empleado'),
('jorge_r', 'Jorge', 'Rodríguez', 'Cliente'),
('ana.l', 'Ana', 'López', 'Empleado'),
('p3droP', 'Pedro', 'Pérez', 'Cliente'),
('miguel87', 'Miguel', 'Fernández', 'Empleado'),
('isabelg', 'Isabel', 'García', 'Cliente'),
('fer_ruiz', 'Fernando', 'Ruiz', 'Empleado'),
('elena.j', 'Elena', 'Jiménez', 'Cliente'),
('d_perez', 'Diego', 'Pérez', 'Empleado'),
('pauli', 'Paula', 'Gómez', 'Cliente'),
('sergio_t', 'Sergio', 'Torres', 'Empleado'),
('carmen.f', 'Carmen', 'Flores', 'Cliente'),
('robertoR', 'Roberto', 'Ruiz', 'Empleado'),
('rosa.m', 'Rosa', 'Martín', 'Cliente'),
('pabloS', 'Pablo', 'Sánchez', 'Empleado'),
('sara_g', 'Sara', 'Gutiérrez', 'Cliente'),
('luis_h', 'Luis', 'Hernández', 'Empleado'),
('lucia1990', 'Lucía', 'García', 'Cliente'),
('pedrito', 'Pedro', 'Martínez', 'Cliente'),
('anita33', 'Ana', 'Jiménez', 'Cliente'),
('robert123', 'Roberto', 'Sánchez', 'Cliente'),
('marta_78', 'Marta', 'López', 'Cliente'),
('juan89', 'Juan', 'Gómez', 'Cliente'),
('laurita', 'Laura', 'Rodríguez', 'Cliente'),
('carlos21', 'Carlos', 'Hernández', 'Cliente'),
('elenam', 'Elena', 'Muñoz', 'Cliente'),
('alberto85', 'Alberto', 'Fernández', 'Cliente'),
('monica77', 'Mónica', 'Pérez', 'Cliente'),
('david_s', 'David', 'Sanz', 'Cliente'),
('sofia_g', 'Sofía', 'Gutiérrez', 'Cliente'),
('pablo_r', 'Pablo', 'Ramírez', 'Cliente'),
('ana_maria', 'Ana María', 'Ortega', 'Cliente'),
('javier82', 'Javier', 'Ruiz', 'Cliente'),
('carmen90', 'Carmen', 'Díaz', 'Cliente'),
('alejandro', 'Alejandro', 'Vázquez', 'Cliente'),
('natalia99', 'Natalia', 'Iglesias', 'Cliente'),
('adrian10', 'Adrián', 'García', 'Cliente'),
('andres75', 'Andrés', 'López', 'Cliente'),
('maria_s', 'María', 'Sánchez', 'Cliente'),
('jorge99', 'Jorge', 'Herrera', 'Cliente'),
('luciano', 'Luciano', 'Gómez', 'Cliente'),
('sandra87', 'Sandra', 'Fernández', 'Cliente'),
('ana21', 'Ana', 'Martínez', 'Cliente'),
('carla_p', 'Carla', 'Pérez', 'Cliente'),
('victor78', 'Víctor', 'Rodríguez', 'Cliente'),
('patricia', 'Patricia', 'García', 'Cliente'),
('manuel84', 'Manuel', 'Muñoz', 'Cliente'),
('luisa10', 'Luisa', 'Sanz', 'Cliente'),
('ernesto', 'Ernesto', 'Torres', 'Cliente'),
('teresa11', 'Teresa', 'Ortega', 'Cliente'),
('felipe_g', 'Felipe', 'Gutiérrez', 'Cliente'),
('rocio99', 'Rocío', 'Díaz', 'Cliente'),
('oscar23', 'Óscar', 'Vázquez', 'Cliente'),
('carolina', 'Carolina', 'Iglesias', 'Cliente'),
('martin76', 'Martín', 'García', 'Cliente'),
('soledad', 'Soledad', 'Hernández', 'Cliente'),
('lucas88', 'Lucas', 'Fernández', 'Cliente');


INSERT INTO `TipoPago` (`IDTipoPago`, `TipoPago`)
VALUES 
(1, 'Efectivo'),
(2, 'Tarjeta de crédito'),
(3, 'Tarjeta de débito'),
(4, 'Transferencia bancaria'),
(5, 'Cheque'),
(6, 'Bitcoin'),
(7, 'PayPal'),
(8, 'Apple Pay'),
(9, 'Google Pay'),
(10, 'Samsung Pay');

INSERT INTO `CategoriasProductos` (`NombreCategoria`)
VALUES 
('Analgésicos'),
('Antibióticos'),
('Antihistamínicos'),
('Antiinflamatorios'),
('Antisépticos'),
('Antivirales'),
('Cuidado de la piel'),
('Suplementos vitamínicos'),
('Higiene bucal'),
('Digestivos'),
('Antifúngicos'),
('Medicamentos para la tos'),
('Anticonceptivos'),
('Medicamentos para la presión arterial'),
('Antieméticos'),
('Antiácidos'),
('Productos para alergias'),
('Antipiréticos'),
('Medicamentos para el colesterol'),
('Artículos para cuidado ocular'),
('Productos para el cuidado de la salud femenina'),
('Productos para el cuidado de la salud masculina'),
('Productos para el cuidado dental'),
('Antipiréticos y analgésicos'),
('Antivirales tópicos'),
('Medicamentos para trastornos del sueño'),
('Productos para el cuidado de la piel sensible'),
('Antiasmáticos'),
('Suplementos para la salud ósea'),
('Productos para el cuidado del estómago'),
('Antisépticos tópicos'),
('Cuidado de heridas y apósitos'),
('Productos para el cuidado de la espalda'),
('Suplementos para la salud cardiovascular'),
('Antivertiginosos'),
('Productos para el cuidado de las encías'),
('Antimicóticos tópicos'),
('Medicamentos para el tratamiento del acné'),
('Productos para el cuidado de la salud infantil'),
('Antiespasmódicos intestinales'),
('Productos para el cuidado de la piel'),
('Medicamentos para trastornos gastrointestinales'),
('Antitusivos'),
('Antialérgicos'),
('Medicamentos para la osteoporosis'),
('Productos para el cuidado del cabello'),
('Antidiarreicos'),
('Antioxidantes'),
('Antihemorroidales'),
('Antiepilépticos'),
('Medicamentos para trastornos del ánimo'),
('Expectorantes'),
('Productos para la circulación'),
('Antiparasitarios intestinales'),
('Protectores gástricos'),
('Suplementos para el rendimiento deportivo'),
('Productos para la higiene íntima femenina'),
('Productos para la higiene íntima masculina'),
('Antivirales sistémicos'),
('Productos para el cuidado de las uñas'),
('Anticancerígenos'),
('Inmunomoduladores'),
('Antipsicóticos');

INSERT INTO `Producto` (`NombreMedicamento`, `IDCategoriaProducto`, `NombreComercial`, `PrincipioActivo`, `FormaFarmaceutica`, `Concentracion`, `PresentacionComercial`, `NumeroLote`, `PrecioProducto`, `FechaFabricacion`, `FechaVencimiento`, `PrecioUnitario`, `FKIDProvedor`, `FKIDEstante`)
VALUES
('Paracetamol', 1, 'Dolofén', 'Paracetamol', 'Tableta', '500 mg', 'Caja de 24 tabletas', 'ABC123', 5.50, '2023-01-15', '2024-01-15', 200, 1, 1),
('Ibuprofeno', 2, 'Ibuprón', 'Ibuprofeno', 'Cápsula', '400 mg', 'Frascos de 30 cápsulas', 'DEF456', 6.75, '2023-02-20', '2024-02-20', 150, 2, 2),
('Loratadina', 3, 'Claritine', 'Loratadina', 'Tableta', '10 mg', 'Caja de 10 tabletas', 'GHI789', 8.20, '2023-03-10', '2024-03-10', 100, 3, 3),
('Omeprazol', 4, 'Omeprazol', 'Omeprazol', 'Cápsula', '20 mg', 'Caja de 20 cápsulas', 'JKL012', 7.30, '2023-04-05', '2024-04-05', 180, 4, 4),
('Amoxicilina', 5, 'Amoxil', 'Amoxicilina', 'Suspensión', '250 mg/5ml', 'Frasco de 60 ml', 'MNO345', 9.40, '2023-05-12', '2024-05-12', 120, 5, 5),
('Aspirina', 6, 'Aspirina', 'Ácido Acetilsalicílico', 'Tableta', '100 mg', 'Caja de 50 tabletas', 'PQR678', 4.80, '2023-06-18', '2024-06-18', 250, 6, 6),   
('Cetirizina', 3, 'Zyrtec', 'Cetirizina', 'Tableta', '10 mg', 'Caja de 20 tabletas', 'STU901', 6.90, '2023-07-22', '2024-07-22', 90, 7, 7),
('Atorvastatina', 7, 'Lipitor', 'Atorvastatina', 'Tableta', '40 mg', 'Caja de 30 tabletas', 'VWX234', 11.25, '2023-08-30', '2024-08-30', 80, 8, 8),
('Metformina', 8, 'Glucofage', 'Metformina', 'Tableta', '850 mg', 'Caja de 60 tabletas', 'YZA567', 10.60, '2023-09-14', '2024-09-14', 150, 9, 9),
('Losartán', 9, 'Cozaar', 'Losartán', 'Tableta', '50 mg', 'Caja de 28 tabletas', 'BCD890', 8.75, '2023-10-05', '2024-10-05', 200, 10, 10),
('Diazepam', 10, 'Valium', 'Diazepam', 'Tableta', '5 mg', 'Caja de 20 tabletas', 'EFG123', 5.90, '2023-11-19', '2024-11-19', 110, 11, 1),
('Tramadol', 1, 'Tramal', 'Tramadol', 'Cápsula', '50 mg', 'Caja de 15 cápsulas', 'HIJ456', 7.85, '2023-12-25', '2024-12-25', 95, 12, 2),
('Warfarina', 11, 'Coumadin', 'Warfarina', 'Tableta', '2 mg', 'Caja de 50 tabletas', 'KLM789', 9.10, '2024-01-30', '2025-01-30', 70, 13, 3),
('Fluoxetina', 12, 'Prozac', 'Fluoxetina', 'Cápsula', '20 mg', 'Caja de 24 cápsulas', 'NOP012', 6.40, '2024-02-14', '2025-02-14', 120, 14, 4),
('Hidroclorotiazida', 13, 'Hidroclorotiazida', 'Hidroclorotiazida', 'Tableta', '25 mg', 'Caja de 30 tabletas', 'PQR345', 7.20, '2024-03-20', '2025-03-20', 85, 15, 5),
('Ciprofloxacino', 5, 'Cipro', 'Ciprofloxacino', 'Tableta', '500 mg', 'Caja de 20 tabletas', 'STU678', 8.60, '2024-04-05', '2025-04-05', 160, 16, 6),
('Bisoprolol', 14, 'Bisoprolol', 'Bisoprolol', 'Tableta', '10 mg', 'Caja de 30 tabletas', 'VWX901', 10.20, '2024-05-10', '2025-05-10', 105, 17, 7),
('Simvastatina', 7, 'Zocor', 'Simvastatina', 'Tableta', '20 mg', 'Caja de 28 tabletas', 'YZA234', 12.75, '2024-06-15', '2025-06-15', 190, 18, 8),
('Levotiroxina', 15, 'Eutirox', 'Levotiroxina', 'Tableta', '100 mcg', 'Frasco de 50 tabletas', 'BCD567', 9.80, '2024-07-20', '2025-07-20', 220, 19, 9),
('Alprazolam', 10, 'Xanax', 'Alprazolam', 'Tableta', '0.5 mg', 'Caja de 30 tabletas', 'EFG890', 8.30, '2024-08-25', '2025-08-25', 130, 20, 10),
('Hidrocodona', 1, 'Vicodin', 'Hidrocodona', 'Tableta', '10 mg', 'Caja de 20 tabletas', 'LMN123', 7.20, '2024-09-10', '2025-09-10', 95, 21, 1),
('Metadona', 2, 'Dolophine', 'Metadona', 'Tableta', '5 mg', 'Caja de 30 tabletas', 'OPQ456', 8.45, '2024-10-05', '2025-10-05', 110, 22, 2),
('Prednisona', 3, 'Deltasone', 'Prednisona', 'Tableta', '50 mg', 'Caja de 10 tabletas', 'RST789', 6.80, '2024-11-15', '2025-11-15', 75, 23, 3),
('Codeína', 4, 'Tylenol con Codeína', 'Codeína', 'Tableta', '30 mg', 'Caja de 24 tabletas', 'UVW012', 9.90, '2024-12-20', '2025-12-20', 85, 24, 4),
('Ranitidina', 5, 'Zantac', 'Ranitidina', 'Tableta', '150 mg', 'Caja de 14 tabletas', 'XYZ345', 7.60, '2025-01-25', '2026-01-25', 120, 25, 5),
('Sulfametoxazol/Trimetoprima', 6, 'Bactrim', 'Sulfametoxazol/Trimetoprima', 'Tableta', '800/160 mg', 'Caja de 20 tabletas', 'ABC678', 10.25, '2025-02-28', '2026-02-28', 105, 26, 6),
('Doxiciclina', 7, 'Vibramicina', 'Doxiciclina', 'Cápsula', '100 mg', 'Frasco de 50 cápsulas', 'DEF901', 8.30, '2025-03-15', '2026-03-15', 130, 27, 7),
('Furosemida', 8, 'Lasix', 'Furosemida', 'Tableta', '40 mg', 'Caja de 30 tabletas', 'GHI234', 6.75, '2025-04-20', '2026-04-20', 90, 28, 8),
('Cefalexina', 9, 'Keflex', 'Cefalexina', 'Cápsula', '500 mg', 'Frascos de 20 cápsulas', 'JKL567', 9.50, '2025-05-25', '2026-05-25', 140, 29, 9),
('Tadalafil', 10, 'Cialis', 'Tadalafil', 'Tableta', '20 mg', 'Caja de 4 tabletas', 'MNO890', 12.60, '2025-06-30', '2026-06-30', 180, 30, 10),
('Fenitoína', 11, 'Dilantin', 'Fenitoína', 'Cápsula', '100 mg', 'Caja de 50 cápsulas', 'PQR123', 8.90, '2025-07-05', '2026-07-05', 100, 31, 1),
('Clotrimazol', 12, 'Lotrimin', 'Clotrimazol', 'Crema', '1%', 'Tubo de 30 g', 'STU456', 7.40, '2025-08-10', '2026-08-10', 150, 32, 2),
('Metronidazol', 13, 'Flagyl', 'Metronidazol', 'Tableta', '250 mg', 'Caja de 20 tabletas', 'VWX789', 6.85, '2025-09-15', '2026-09-15', 95, 33, 3),
('Insulina', 14, 'Humulin', 'Insulina', 'Inyectable', '10 ml', 'Frasco Ampolla', 'YZA012', 11.20, '2025-10-20', '2026-10-20', 120, 34, 4),
('Levofloxacino', 5, 'Levaquin', 'Levofloxacino', 'Tableta', '500 mg', 'Caja de 10 tabletas', 'BCD345', 9.75, '2025-11-25', '2026-11-25', 85, 35, 5),
('Sildenafil', 16, 'Viagra', 'Sildenafil', 'Tableta', '50 mg', 'Caja de 8 tabletas', 'EFG678', 10.80, '2025-12-30', '2026-12-30', 100, 36, 6),
('Naproxeno', 2, 'Naprosyn', 'Naproxeno', 'Tableta', '250 mg', 'Caja de 20 tabletas', 'HIJ901', 6.95, '2026-01-05', '2027-01-05', 125, 37, 7),
('Ondansetrón', 17, 'Zofran', 'Ondansetrón', 'Tableta', '4 mg', 'Caja de 12 tabletas', 'KLM234', 8.30, '2026-02-10', '2027-02-10', 130, 38, 8),
('Metoclopramida', 18, 'Reglan', 'Metoclopramida', 'Tableta', '10 mg', 'Caja de 30 tabletas', 'NOP567', 7.60, '2026-03-15', '2027-03-15', 95, 39, 9),
('Azitromicina', 7, 'Zithromax', 'Azitromicina', 'Cápsula', '500 mg', 'Caja de 6 cápsulas', 'PQR890', 9.25, '2026-04-20', '2027-04-20', 110, 40, 10),
('Amlodipino', 19, 'Norvasc', 'Amlodipino', 'Tableta', '5 mg', 'Caja de 30 tabletas', 'LMN456', 7.80, '2026-05-25', '2027-05-25', 145, 41, 1),
('Celecoxib', 20, 'Celebrex', 'Celecoxib', 'Cápsula', '200 mg', 'Caja de 20 cápsulas', 'OPQ789', 9.50, '2026-06-30', '2027-06-30', 135, 42, 2),
('Lansoprazol', 21, 'Prevacid', 'Lansoprazol', 'Cápsula', '30 mg', 'Caja de 28 cápsulas', 'RST012', 8.20, '2026-07-05', '2027-07-05', 120, 43, 3),
('Levetiracetam', 22, 'Keppra', 'Levetiracetam', 'Tableta', '500 mg', 'Caja de 60 tabletas', 'UVW345', 11.30, '2026-08-10', '2027-08-10', 155, 44, 4),
('Montelukast', 23, 'Singulair', 'Montelukast', 'Tableta', '10 mg', 'Caja de 20 tabletas', 'XYZ678', 8.90, '2026-09-15', '2027-09-15', 130, 45, 5),
('Pioglitazona', 24, 'Actos', 'Pioglitazona', 'Tableta', '30 mg', 'Caja de 28 tabletas', 'ABC901', 10.50, '2026-10-20', '2027-10-20', 140, 46, 6),
('Risperidona', 25, 'Risperdal', 'Risperidona', 'Tableta', '2 mg', 'Caja de 30 tabletas', 'LMN234', 7.95, '2026-11-25', '2027-11-25', 125, 47, 7),
('Venlafaxina', 26, 'Effexor', 'Venlafaxina', 'Cápsula', '75 mg', 'Caja de 14 cápsulas', 'OPQ567', 9.70, '2026-12-30', '2027-12-30', 135, 48, 8),
('Esomeprazol', 27, 'Nexium', 'Esomeprazol', 'Cápsula', '40 mg', 'Caja de 20 cápsulas', 'RST890', 8.40, '2027-01-05', '2028-01-05', 125, 49, 9),
('Ciclosporina', 28, 'Sandimmun', 'Ciclosporina', 'Cápsula', '100 mg', 'Caja de 50 cápsulas', 'UVW123', 11.80, '2027-02-10', '2028-02-10', 160, 50, 10),
('Pantoprazol', 29, 'Protonix', 'Pantoprazol', 'Tableta', '40 mg', 'Caja de 30', 'XYZ456', 9.25, '2027-03-15', '2028-03-15', 130, 51, 1),
('Quetiapina', 30, 'Seroquel', 'Quetiapina', 'Tableta', '100 mg', 'Caja de 60 tabletas', 'ABC789', 12.60, '2027-04-20', '2028-04-20', 175, 52, 2),
('Sitagliptina', 31, 'Januvia', 'Sitagliptina', 'Tableta', '100 mg', 'Caja de 28 tabletas', 'LMN012', 10.90, '2027-05-25', '2028-05-25', 150, 53, 3),
('Tolterodina', 32, 'Detrol', 'Tolterodina', 'Tableta', '2 mg', 'Caja de 20 tabletas', 'OPQ345', 8.75, '2027-06-30', '2028-06-30', 135, 54, 4),
('Vareniclina', 33, 'Chantix', 'Vareniclina', 'Tableta', '1 mg', 'Caja de 56 tabletas', 'RST678', 11.20, '2027-07-05', '2028-07-05', 200, 55, 5),
('Benazepril', 34, 'Lotensin', 'Benazepril', 'Tableta', '10 mg', 'Caja de 30 tabletas', 'UVW901', 9.40, '2027-08-10', '2028-08-10', 145, 56, 6),
('Carbidopa/Levodopa', 35, 'Sinemet', 'Carbidopa/Levodopa', 'Tableta', '25/100 mg', 'Caja de 100 tabletas', 'XYZ234', 13.75, '2027-09-15', '2028-09-15', 220, 57, 7),
('Darunavir', 36, 'Prezista', 'Darunavir', 'Tableta', '600 mg', 'Caja de 60 tabletas', 'ABC567', 12.90, '2027-10-20', '2028-10-20', 180, 58, 8),
('Entecavir', 37, 'Baraclude', 'Entecavir', 'Tableta', '0.5 mg', 'Caja de 30 tabletas', 'LMN890', 11.45, '2027-11-25', '2028-11-25', 165, 59, 9),
('Febuxostat', 38, 'Uloric', 'Febuxostat', 'Tableta', '40 mg', 'Caja de 28 tabletas', 'OPQ123', 10.20, '2026-12-30', '2028-12-30', 155, 60, 10),
('Metilfenidato', 39, 'Ritalin', 'Metilfenidato', 'Tableta', '10 mg', 'Caja de 60 tabletas', 'RST901', 9.80, '2028-01-05', '2029-01-05', 180, 61, 1),
('Memantina', 40, 'Namenda', 'Memantina', 'Tableta', '5 mg', 'Caja de 30 tabletas', 'UVW234', 8.60, '2028-02-10', '2029-02-10', 150, 62, 2),
('Niacina', 41, 'Niaspan', 'Niacina', 'Tableta', '500 mg', 'Caja de 50 tabletas', 'XYZ567', 7.90, '2028-03-15', '2029-03-15', 120, 63, 3),
('Olmesartan', 42, 'Benicar', 'Olmesartan', 'Tableta', '20 mg', 'Caja de 28 tabletas', 'ABC890', 10.25, '2028-04-20', '2029-04-20', 160, 64, 4),
('Pramipexol', 43, 'Mirapex', 'Pramipexol', 'Tableta', '1 mg', 'Caja de 100 tabletas', 'LMN123', 12.40, '2028-05-25', '2029-05-25', 200, 65, 5),
('Ropinirol', 44, 'Requip', 'Ropinirol', 'Tableta', '2 mg', 'Caja de 60 tabletas', 'OPQ456', 11.60, '2028-06-30', '2029-06-30', 185, 66, 6),
('Selegilina', 45, 'Eldepryl', 'Selegilina', 'Tableta', '5 mg', 'Caja de 50 tabletas', 'RST789', 9.75, '2028-07-05', '2029-07-05', 155, 67, 7),
('Terbinafina', 46, 'Lamisil', 'Terbinafina', 'Tableta', '250 mg', 'Caja de 28 tabletas', 'UVW012', 8.90, '2028-08-10', '2029-08-10', 130, 68, 8),
('Topiramato', 47, 'Topamax', 'Topiramato', 'Tableta', '50 mg', 'Caja de 60 tabletas', 'XYZ345', 11.20, '2028-09-15', '2029-09-15', 175, 69, 9),
('Travoprost', 48, 'Travatan', 'Travoprost', 'Solución oftálmica', '0.004%', 'Frasco de 2.5 ml', 'ABC678', 14.50, '2028-10-20', '2029-10-20', 220, 70, 10),
('Tretinoína', 49, 'Retin-A', 'Tretinoína', 'Crema', '0.025%', 'Tubo de 20 g', 'LMN901', 10.80, '2028-11-25', '2029-11-25', 165, 71, 1),
('Zolpidem', 50, 'Ambien', 'Zolpidem', 'Tableta', '10 mg', 'Caja de 30 tabletas', 'OPQ234', 9.30, '2028-12-30', '2029-12-30', 140, 72, 2),
('Tamsulosina', 51, 'Flomax', 'Tamsulosina', 'Cápsula', '0.4 mg', 'Caja de 20 cápsulas', 'RST567', 8.60, '2029-01-05', '2030-01-05', 125, 73, 3),
('Levetiracetam', 22, 'Keppra', 'Levetiracetam', 'Tableta', '750 mg', 'Caja de 60 tabletas', 'UVW890', 12.75, '2029-02-10', '2030-02-10', 190, 74, 4),
('Duloxetina', 52, 'Cymbalta', 'Duloxetina', 'Cápsula', '30 mg', 'Caja de 28 cápsulas', 'XYZ123', 11.40, '2029-03-15', '2030-03-15', 170, 75, 5),
('Escitalopram', 53, 'Lexapro', 'Escitalopram', 'Tableta', '10 mg', 'Caja de 30 tabletas', 'ABC456', 9.80, '2029-04-20', '2030-04-20', 145, 76, 6),
('Atomoxetina', 54, 'Strattera', 'Atomoxetina', 'Cápsula', '40 mg', 'Caja de 28 cápsulas', 'LMN789', 10.90, '2029-05-25', '2030-05-25', 155, 77, 7),
('Voriconazol', 55, 'Vfend', 'Voriconazol', 'Tableta', '200 mg', 'Caja de 14 tabletas', 'OPQ012', 13.20, '2029-06-30', '2030-06-30', 190, 78, 8),
('Memantina', 40, 'Namenda', 'Memantina', 'Tableta', '10 mg', 'Caja de 30 tabletas', 'RST345', 9.60, '2029-07-05', '2030-07-05', 135, 79, 9),
('Donepezilo', 56, 'Aricept', 'Donepezilo', 'Tableta', '5 mg', 'Caja de 28 tabletas', 'UVW678', 8.30, '2029-08-10', '2030-08-10', 120, 80, 10),
('Dutasterida', 57, 'Avodart', 'Dutasterida', 'Cápsula', '0.5 mg', 'Caja de 30 cápsulas', 'XYZ901', 11.75, '2029-09-15', '2030-09-15', 165, 81, 1),
('Esomeprazol', 4, 'Nexium', 'Esomeprazol', 'Cápsula', '40 mg', 'Caja de 28 cápsulas', 'ABC123', 8.50, '2023-01-15', '2024-01-15', 200, 41, 2),
('Montelukast', 58, 'Singulair', 'Montelukast', 'Tableta', '10 mg', 'Caja de 30 tabletas', 'DEF456', 9.75, '2023-02-20', '2024-02-20', 155, 42, 3),
('Fexofenadina', 3, 'Allegra', 'Fexofenadina', 'Tableta', '180 mg', 'Caja de 24 tabletas', 'GHI789', 7.20, '2023-03-10', '2024-03-10', 120, 43, 4),
('Desloratadina', 3, 'Clarinex', 'Desloratadina', 'Tableta', '5 mg', 'Caja de 30 tabletas', 'JKL012', 9.30, '2023-04-05', '2024-04-05', 180, 44, 5),
('Budesonida', 59, 'Pulmicort', 'Budesonida', 'Suspensión', '0.5 mg/2ml', 'Frasco de 20 ml', 'MNO345', 10.40, '2023-05-12', '2024-05-12', 135, 45, 6),
('Glicopirrolato', 60, 'Cuvposa', 'Glicopirrolato', 'Solución oral', '1 mg/5ml', 'Frasco de 120 ml', 'PQR678', 11.80, '2023-06-18', '2024-06-18', 190, 46, 7),
('Ipratropio', 28, 'Atrovent', 'Ipratropio', 'Solución para inhalación', '20 mcg/2ml', 'Frasco de 15 ml', 'STU901', 10.90, '2023-07-22', '2024-07-22', 170, 47, 8),----
('Latanoprost', 20, 'Xalatan', 'Latanoprost', 'Solución oftálmica', '0.005%', 'Frasco gotero de 2.5 ml', 'VWX234', 13.25, '2023-08-30', '2024-08-30', 220, 48, 9),
('Mometasona', 3, 'Nasonex', 'Mometasona', 'Suspensión nasal', '50 mcg/dosis', 'Frasco de 140 dosis', 'YZA567', 12.60, '2023-09-14', '2024-09-14', 200, 49, 10),
('Olopatadina', 3, 'Patanol', 'Olopatadina', 'Solución oftálmica', '0.1%', 'Frasco de 5 ml', 'BCD890', 11.75, '2023-10-05', '2024-10-05', 185, 50, 1),
('Rituximab', 30, 'Rituxan', 'Rituximab', 'Solución para infusión', '10 mg/ml', 'Vial de 10 ml', 'EFG123', 40.90, '2023-11-19', '2024-11-19', 450, 51, 2),
('Adalimumab', 18, 'Humira', 'Adalimumab', 'Solución para inyección', '40 mg/0.8ml', 'Pluma precargada', 'HIJ456', 38.20, '2023-12-25', '2024-12-25', 430, 52, 3),
('Asenapina', 32, 'Saphris', 'Asenapina', 'Tableta sublingual', '10 mg', 'Blíster de 60 tabletas', 'KLM789', 35.60, '2024-01-30', '2025-01-30', 400, 53, 4),
('Bimatoprost', 20, 'Lumigan', 'Bimatoprost', 'Solución oftálmica', '0.01%', 'Frasco gotero de 3 ml', 'NOP012', 18.90, '2024-02-14', '2025-02-14', 280, 54, 5),
('Brexpiprazol', 27, 'Rexulti', 'Brexpiprazol', 'Tableta', '2 mg', 'Caja de 30 tabletas', 'PQR345', 29.75, '2024-03-20', '2025-03-20', 350, 55, 6),
('Canagliflozina', 41, 'Invokana', 'Canagliflozina', 'Tableta', '100 mg', 'Caja de 28 tabletas', 'STU678', 30.40, '2024-04-05', '2025-04-05', 360, 56, 7),
('Cariprazina', 11, 'Vraylar', 'Cariprazina', 'Cápsula', '1.5 mg', 'Caja de 28 cápsulas', 'VWX901', 32.90, '2024-05-10', '2025-05-10', 380, 57, 8),
('Clonidina', 42, 'Catapres', 'Clonidina', 'Tableta', '0.1 mg', 'Caja de 50 tabletas', 'YZA234', 27.80, '2024-06-15', '2025-06-15', 320, 58, 9),
('Clobetasol', 33, 'Temovate', 'Clobetasol', 'Crema', '0.05%', 'Tubo de 30 g', 'BCD567', 19.50, '2024-07-20', '2025-07-20', 290, 59, 10),
('Colchicina', 24, 'Colcrys', 'Colchicina', 'Tableta', '0.6 mg', 'Caja de 20 tabletas', 'EFG890', 24.80, '2024-08-25', '2025-08-25', 340, 60, 1),
('Darunavir', 4, 'Prezista', 'Darunavir', 'Tableta', '600 mg', 'Caja de 30 tabletas', 'LMN123', 42.60, '2024-09-10', '2025-09-10', 460, 61, 2);

INSERT INTO `Proveedores` (`IDProveedor`, `Empresa`, `NombreProveedor`, `ContactoProveedor`, `NumeroTelefonoProveedor`, `CorreoProveedor`) VALUES
(1, 'Pfizer', 'Juan Pérez', 'Juan Pérez (Pfizer)', '123456789', 'juan@pfizer.com'),
(2, 'Novartis', 'María González', 'María González (Novartis)', '987654321', 'maria@novartis.com'),
(3, 'Roche', 'Carlos Martínez', 'Carlos Martínez (Roche)', '555555555', 'carlos@roche.com'),
(4, 'Johnson & Johnson', 'Luisa Sánchez', 'Luisa Sánchez (Johnson & Johnson)', '777777777', 'luisa@jnj.com'),
(5, 'Merck & Co.', 'Jorge Rodríguez', 'Jorge Rodríguez (Merck & Co.)', '111111111', 'jorge@merck.com'),
(6, 'AstraZeneca', 'Ana López', 'Ana López (AstraZeneca)', '222222222', 'ana@astrazeneca.com'),
(7, 'AbbVie', 'Pedro Pérez', 'Pedro Pérez (AbbVie)', '333333333', 'pedro@abbvie.com'),
(8, 'GSK (GlaxoSmithKline)', 'Laura Martínez', 'Laura Martínez (GSK)', '444444444', 'laura@gsk.com'),
(9, 'Sanofi', 'Miguel Fernández', 'Miguel Fernández (Sanofi)', '666666666', 'miguel@sanofi.com'),
(10, 'Bayer', 'Isabel García', 'Isabel García (Bayer)', '999999999', 'isabel@bayer.com'),
(11, 'Bristol Myers Squibb', 'Fernando Ruiz', 'Fernando Ruiz (BMS)', '888888888', 'fernando@bms.com'),
(12, 'Takeda', 'Elena Jiménez', 'Elena Jiménez (Takeda)', '121212121', 'elena@takeda.com'),
(13, 'Boehringer Ingelheim', 'Diego Pérez', 'Diego Pérez (Boehringer)', '454545454', 'diego@boehringer.com'),
(14, 'Eli Lilly', 'Paula Gómez', 'Paula Gómez (Lilly)', '787878787', 'paula@lilly.com'),
(15, 'Biogen', 'Sergio Torres', 'Sergio Torres (Biogen)', '565656565', 'sergio@biogen.com'),
(16, 'Teva Pharmaceutical', 'Carmen Flores', 'Carmen Flores (Teva)', '787878787', 'carmen@teva.com'),
(17, 'Celgene', 'Roberto Ruiz', 'Roberto Ruiz (Celgene)', '232323232', 'roberto@celgene.com'),
(18, 'Sandoz', 'Rosa Martín', 'Rosa Martín (Sandoz)', '787878787', 'rosa@sandoz.com'),
(19, 'Mylan', 'Pablo Sánchez', 'Pablo Sánchez (Mylan)', '565656565', 'pablo@mylan.com'),
(20, 'Mitsubishi Tanabe Pharma', 'Sara Gutiérrez', 'Sara Gutiérrez (Mitsubishi)', '989898989', 'sara@mitsubishi.com'),
(21, 'Genentech', 'Andrés López', 'Andrés López (Genentech)', '111222333', 'andres@genentech.com'),
(22, 'Pfizer', 'Marta García', 'Marta García (Pfizer)', '444555666', 'marta@pfizer.com'),
(23, 'Bayer', 'Javier Rodríguez', 'Javier Rodríguez (Bayer)', '777888999', 'javier@bayer.com'),
(24, 'Merck & Co.', 'Eva Martínez', 'Eva Martínez (Merck & Co.)', '121212121', 'eva@merck.com'),
(25, 'Novartis', 'Alejandro Pérez', 'Alejandro Pérez (Novartis)', '454545454', 'alejandro@novartis.com'),
(26, 'Roche', 'Carolina Gómez', 'Carolina Gómez (Roche)', '898989898', 'carolina@roche.com'),
(27, 'AstraZeneca', 'Luis Torres', 'Luis Torres (AstraZeneca)', '333333333', 'luis@astrazeneca.com'),
(28, 'Sanofi', 'Ana Sánchez', 'Ana Sánchez (Sanofi)', '666777888', 'ana@sanofi.com'),
(29, 'GSK (GlaxoSmithKline)', 'Marcos Rodríguez', 'Marcos Rodríguez (GSK)', '111222333', 'marcos@gsk.com'),
(30, 'AbbVie', 'Sara Martínez', 'Sara Martínez (AbbVie)', '444555666', 'sara@abbvie.com'),
(31, 'Eli Lilly', 'Pedro García', 'Pedro García (Lilly)', '777888999', 'pedro@lilly.com'),
(32, 'Boehringer Ingelheim', 'Lucía Gutiérrez', 'Lucía Gutiérrez (Boehringer)', '121212121', 'lucia@boehringer.com'),
(33, 'Teva Pharmaceutical', 'Carlos Ruiz', 'Carlos Ruiz (Teva)', '454545454', 'carlos@teva.com'),
(34, 'Biogen', 'Laura Pérez', 'Laura Pérez (Biogen)', '898989898', 'laura@biogen.com'),
(35, 'Johnson & Johnson', 'Diego Martínez', 'Diego Martínez (Johnson & Johnson)', '333333333', 'diego@jnj.com'),
(36, 'Bristol Myers Squibb', 'Carmen Sánchez', 'Carmen Sánchez (BMS)', '666777888', 'carmen@bms.com'),
(37, 'Mylan', 'Andrea Torres', 'Andrea Torres (Mylan)', '111222333', 'andrea@mylan.com'),
(38, 'Sandoz', 'Fernando López', 'Fernando López (Sandoz)', '444555666', 'fernando@sandoz.com'),
(39, 'Celgene', 'Luisa Rodríguez', 'Luisa Rodríguez (Celgene)', '777888999', 'luisa@celgene.com'),
(40, 'Mitsubishi Tanabe Pharma', 'Martín Gómez', 'Martín Gómez (Mitsubishi)', '121212121', 'martin@mitsubishi.com');

INSERT INTO Estantes (IDEstante, NombreEstante) VALUES
(1, 'Estante A'),
(2, 'Estante B'),
(3, 'Estante C'),
(4, 'Estante D'),
(5, 'Estante E'),
(6, 'Estante F'),
(7, 'Estante G'),
(8, 'Estante H'),
(9, 'Estante I'),
(10, 'Estante J');

INSERT INTO Inventario (FKIDProducto, FKProductoIDEstante, CantidadStock) VALUES
(1, 1, 223),
(2, 2, 512),
(3, 3, 341),
(4, 4, 404),
(5, 5, 287),
(6, 6, 451),
(7, 7, 569),
(8, 8, 185),
(9, 9, 299),
(10, 10, 532),
(11, 1, 328),
(12, 2, 526),
(13, 3, 167),
(14, 4, 453),
(15, 5, 213),
(16, 6, 312),
(17, 7, 419),
(18, 8, 246),
(19, 9, 178),
(20, 10, 516),
(21, 1, 589),
(22, 2, 123),
(23, 3, 416),
(24, 4, 222),
(25, 5, 388),
(26, 6, 579),
(27, 7, 167),
(28, 8, 501),
(29, 9, 482),
(30, 10, 321),
(31, 1, 315),
(32, 2, 154),
(33, 3, 272),
(34, 4, 407),
(35, 5, 443),
(36, 6, 505),
(37, 7, 219),
(38, 8, 534),
(39, 9, 462),
(40, 10, 323),
(41, 1, 528),
(42, 2, 462),
(43, 3, 154),
(44, 4, 366),
(45, 5, 269),
(46, 6, 126),
(47, 7, 583),
(48, 8, 311),
(49, 9, 185),
(50, 10, 426),
(51, 1, 177),
(52, 2, 418),
(53, 3, 248),
(54, 4, 301),
(55, 5, 583),
(56, 6, 231),
(57, 7, 588),
(58, 8, 324),
(59, 9, 417),
(60, 10, 385),
(61, 1, 134),
(62, 2, 512),
(63, 3, 223),
(64, 4, 453),
(65, 5, 258),
(66, 6, 399),
(67, 7, 568),
(68, 8, 488),
(69, 9, 125),
(70, 10, 462),
(71, 1, 518),
(72, 2, 194),
(73, 3, 207),
(74, 4, 324),
(75, 5, 566),
(76, 6, 109),
(77, 7, 537),
(78, 8, 264),
(79, 9, 514),
(80, 10, 296),
(81, 1, 437),
(82, 2, 413),
(83, 3, 218),
(84, 4, 591),
(85, 5, 469),
(86, 6, 125),
(87, 7, 572),
(88, 8, 331),
(89, 9, 156),
(90, 10, 282),
(91, 1, 389),
(92, 2, 552),
(93, 3, 291),
(94, 4, 367),
(95, 5, 467),
(96, 6, 414),
(97, 7, 187),
(98, 8, 512),
(99, 9, 229),
(100, 10, 399),
(101, 1, 577),
(102, 2, 512);


INSERT INTO Caja (IDCaja, FKIDUsuario, BaseCaja, ingresoDiario, egresosDiaro, fechaCaja) VALUES
(1, 1, 500.00, 250.00, 100.00, '2023-11-18'),
(2, 2, 700.00, 300.00, 150.00, '2023-11-19'),
(3, 3, 450.00, 200.00, 80.00, '2023-11-20'),
(4, 4, 600.00, 400.00, 200.00, '2023-11-21'),
(5, 5, 550.00, 320.00, 90.00, '2023-11-22'),
(6, 1, 480.00, 200.00, 150.00, '2023-11-23'),
(7, 2, 720.00, 350.00, 180.00, '2023-11-24'),
(8, 3, 510.00, 280.00, 120.00, '2023-11-25'),
(9, 4, 620.00, 400.00, 250.00, '2023-11-26'),
(10, 5, 530.00, 300.00, 100.00, '2023-11-27'),
(11, 9, 840.00, 200.00, 98.00,  '2023-11-28'),
(12, 9, 840.00, 200.00, 98.00,  '2023-11-29');

INSERT INTO DetallesVenta (IDDetalle, FKIDUsuario, FKIDProducto, Cantidad, FKPrecioUnitario, Subtotal, IDTipoPago) VALUES
(1, 6, 6, 2, 200.00, 400.00, 1),
(2, 7, 7, 3, 150.00, 450.00, 2),
(3, 8, 8, 1, 180.00, 180.00, 3),
(4, 9, 9, 4, 120.00, 480.00, 1),
(5, 10, 10, 2, 200.00, 400.00, 2),
(6, 1, 1, 3, 200.00, 600.00, 3),
(7, 2, 2, 1, 150.00, 150.00, 1),
(8, 3, 3, 5, 100.00, 500.00, 2),
(9, 4, 4, 2, 180.00, 360.00, 3),
(10, 5, 5, 3, 120.00, 360.00, 1),
(11, 6, 6, 2, 200.00, 400.00, 2),
(12, 7, 7, 4, 150.00, 600.00, 3),
(13, 8, 8, 2, 180.00, 360.00, 1),
(14, 9, 9, 3, 120.00, 360.00, 2),
(15, 10, 10, 1, 200.00, 200.00, 3),
(16, 1, 1, 5, 200.00, 1000.00, 1),
(17, 2, 2, 2, 150.00, 300.00, 2),
(18, 3, 3, 3, 100.00, 300.00, 3),
(19, 4, 4, 4, 180.00, 720.00, 1),
(20, 5, 5, 1, 120.00, 120.00, 2),
(21, 6, 6, 3, 200.00, 600.00, 3),
(22, 7, 7, 2, 150.00, 300.00, 1),
(23, 8, 8, 5, 180.00, 900.00, 2),
(24, 9, 9, 1, 120.00, 120.00, 3),
(25, 10, 10, 4, 200.00, 800.00, 1),
(26, 1, 1, 3, 200.00, 600.00, 2),
(27, 2, 2, 2, 150.00, 300.00, 3),
(28, 3, 3, 1, 100.00, 100.00, 1),
(29, 4, 4, 4, 180.00, 720.00, 2),
(30, 5, 5, 2, 120.00, 240.00, 3),
(31, 6, 6, 3, 200.00, 600.00, 1),
(32, 7, 7, 1, 150.00, 150.00, 2),
(33, 8, 8, 5, 180.00, 900.00, 3),
(34, 9, 9, 2, 120.00, 240.00, 1),
(35, 10, 10, 3, 200.00, 600.00, 2),
(36, 1, 1, 4, 200.00, 800.00, 3),
(37, 2, 2, 1, 150.00, 150.00, 1),
(38, 3, 3, 2, 100.00, 200.00, 2),
(39, 4, 4, 3, 180.00, 540.00, 3),
(40, 5, 5, 5, 120.00, 600.00, 1);


INSERT INTO Facturacion (IDFactura, IDUsuario, FechaFacturacion, TotalFactura, IDDetalle) VALUES
(1, 1, '2023-11-25', 350.00, 1),
(2, 2, '2023-11-26', 480.00, 2),
(3, 3, '2023-11-26', 280.00, 3),
(4, 4, '2023-11-27', 400.00, 4),
(5, 5, '2023-11-27', 300.00, 5),
(6, 6, '2023-11-28', 550.00, 6),
(7, 7, '2023-11-28', 620.00, 7),
(8, 8, '2023-11-29', 720.00, 8),
(9, 9, '2023-11-29', 430.00, 9),
(10, 10, '2023-11-30', 560.00, 10),
(11, 1, '2023-12-01', 480.00, 11),
(12, 2, '2023-12-01', 370.00, 12),
(13, 3, '2023-12-02', 420.00, 13),
(14, 4, '2023-12-02', 390.00, 14),
(15, 5, '2023-12-03', 510.00, 15),
(16, 6, '2023-12-04', 620.00, 16),
(17, 7, '2023-12-04', 480.00, 17),
(18, 8, '2023-12-05', 720.00, 18),
(19, 9, '2023-12-05', 550.00, 19),
(20, 10, '2023-12-06', 640.00, 20),
(21, 1, '2023-12-07', 490.00, 21),
(22, 2, '2023-12-07', 310.00, 22),
(23, 3, '2023-12-08', 430.00, 23),
(24, 4, '2023-12-08', 390.00, 24),
(25, 5, '2023-12-09', 520.00, 25);